id,created_at,updated_at
1,2021-11-9,2021-11-9
2,2021-11-9,2021-11-9
3,2021-11-9,2021-11-9
4,2021-11-9,2021-11-9
5,2021-11-9,2021-11-9
6,2021-11-9,2021-11-9
7,2021-11-9,2021-11-9
8,2021-11-9,2021-11-9
9,2021-11-9,2021-11-9
10,2021-11-9,2021-11-9
11,2021-11-9,2021-11-9
12,2021-11-9,2021-11-9
13,2021-11-9,2021-11-9
14,2021-11-9,2021-11-9
15,2021-11-9,2021-11-9
16,2021-11-9,2021-11-9
17,2021-11-9,2021-11-9
18,2021-11-9,2021-11-9
19,2021-11-9,2021-11-9
20,2021-11-9,2021-11-9
21,2021-11-9,2021-11-9
22,2021-11-9,2021-11-9
23,2021-11-9,2021-11-9
24,2021-11-9,2021-11-9
25,2021-11-9,2021-11-9
26,2021-11-9,2021-11-9
27,2021-11-9,2021-11-9
28,2021-11-9,2021-11-9
29,2021-11-9,2021-11-9
30,2021-11-9,2021-11-9
31,2021-11-9,2021-11-9
32,2021-11-9,2021-11-9
33,2021-11-9,2021-11-9
34,2021-11-9,2021-11-9
35,2021-11-9,2021-11-9
36,2021-11-9,2021-11-9
37,2021-11-9,2021-11-9
38,2021-11-9,2021-11-9
39,2021-11-9,2021-11-9
40,2021-11-9,2021-11-9
41,2021-11-9,2021-11-9
42,2021-11-9,2021-11-9
43,2021-11-9,2021-11-9
44,2021-11-9,2021-11-9
45,2021-11-9,2021-11-9